Changes made at Thu Nov 20 10:10:46 UTC 2025
Changes made at Thu Nov 20 12:25:23 UTC 2025
Changes made at Thu Nov 20 14:09:10 UTC 2025
Changes made at Thu Nov 20 16:11:34 UTC 2025
Changes made at Fri Nov 21 08:13:51 UTC 2025
Changes made at Fri Nov 21 10:10:06 UTC 2025
Changes made at Fri Nov 21 14:09:23 UTC 2025
Changes made at Fri Nov 21 16:11:04 UTC 2025
Changes made at Sat Nov 22 08:11:41 UTC 2025
Changes made at Sat Nov 22 10:08:35 UTC 2025
Changes made at Sat Nov 22 14:07:23 UTC 2025
Changes made at Sat Nov 22 16:09:50 UTC 2025
Changes made at Sun Nov 23 08:11:50 UTC 2025
Changes made at Sun Nov 23 10:08:46 UTC 2025
